{
  "query": "mediatype:(texts) AND (language:(eng OR en OR english)) AND (\"artificial intelligence\" OR \"machine learning\" OR \"deep learning\" OR \"neural network\" OR \"computer vision\" OR \"natural language processing\" OR \"pattern recognition\" OR \"data mining\") AND format:(\"Text\" OR \"TXT\" OR \"Text PDF\" OR \"text\")",
  "downloaded": [
    {
      "identifier": "FutureStrategicIssuesFutureWarfareCirca2025",
      "title": "Future Strategic Issues/Future Warfare [Circa 2025]",
      "authors": "Dennis M. Bushnell for the National Aeronautics; Space Administration",
      "path": "corpus/future_strategic_issues_future_warfare_circa_2025--FutureStrategicIssuesFutureWarfareCirca2025.txt",
      "bytes": 2905
    },
    {
      "identifier": "deep-learning-collection-pdf",
      "title": "Deep Learning Collection PDF",
      "authors": "dzgold",
      "path": "corpus/deep_learning_collection_pdf--deep-learning-collection-pdf.txt",
      "bytes": 310
    },
    {
      "identifier": "the-coming-wave-by-mustafa-suleyman-michael-bhaskar-pdfread.net",
      "title": "The Coming Wave: echnology, Power, and the Twenty-first Century's Greatest Dilemma",
      "authors": "Mustafa Suleyman",
      "path": "corpus/the_coming_wave_echnology_power_and_the_twenty-first_century_s_greatest_dilemma--the-coming-wave-by-mustafa-suleyman-michael-bhaskar-pdfread.net.txt",
      "bytes": 2035
    },
    {
      "identifier": "neuromancer_202209",
      "title": "Neuromancer by William Gibson",
      "authors": "William Gibson",
      "path": "corpus/neuromancer_by_william_gibson--neuromancer_202209.txt",
      "bytes": 1234
    },
    {
      "identifier": "1000chatgpt",
      "title": "1000chatgpt",
      "authors": "Unknown",
      "path": "corpus/1000chatgpt--1000chatgpt.txt",
      "bytes": 1001
    },
    {
      "identifier": "handbookofartific01barr",
      "title": "The Handbook of artificial intelligence, volume 1",
      "authors": "Barr, Avron, 1949-; Feigenbaum, Edward A",
      "path": "corpus/the_handbook_of_artificial_intelligence_volume_1--handbookofartific01barr.txt",
      "bytes": 255
    },
    {
      "identifier": "nmap-network-scanning-the-official-nmap-project-guide-to-network-discovery-and-s_202102",
      "title": "Nmap Network Scanning The Official Nmap Project Guide To Network Discovery And Security Scanning ( PDFDrive )",
      "authors": "Unknown",
      "path": "corpus/nmap_network_scanning_the_official_nmap_project_guide_to_network_discovery_and_s--nmap-network-scanning-the-official-nmap-project-guide-to-network-discovery-and-s_202102.txt",
      "bytes": 233
    },
    {
      "identifier": "nasa_techdoc_19930072988",
      "title": "A study of interior landscape plants for indoor air pollution abatement",
      "authors": "Wolverton, B. C.; Douglas, Willard L.; Bounds, Keit",
      "path": "corpus/a_study_of_interior_landscape_plants_for_indoor_air_pollution_abatement--nasa_techdoc_19930072988.txt",
      "bytes": 521
    },
    {
      "identifier": "python-data-science-handbook.pdf",
      "title": "Python Data Science Handbook",
      "authors": "Python Data Science",
      "path": "corpus/python_data_science_handbook--python-data-science-handbook.pdf.txt",
      "bytes": 810
    },
    {
      "identifier": "ExtrasensoryPerceptionResearchFinding",
      "title": "Notes on the Paranormal",
      "authors": "Ben Steigmann",
      "path": "corpus/notes_on_the_paranormal--ExtrasensoryPerceptionResearchFinding.txt",
      "bytes": 210
    },
    {
      "identifier": "byte-magazine-1981-09",
      "title": "BYTE Magazine Volume 06 Number 09 - Artificial Intelligence",
      "authors": "Unknown",
      "path": "corpus/byte_magazine_volume_06_number_09_-_artificial_intelligence--byte-magazine-1981-09.txt",
      "bytes": 3344
    },
    {
      "identifier": "1111101000-robots",
      "title": "1111101000 Robots",
      "authors": "Ben Barry",
      "path": "corpus/1111101000_robots--1111101000-robots.txt",
      "bytes": 466
    },
    {
      "identifier": "InternationalJournalOfComputerScienceOctober2010",
      "title": "International Journal of Computer Science October 2010",
      "authors": "IJCSIS Editor",
      "path": "corpus/international_journal_of_computer_science_october_2010--InternationalJournalOfComputerScienceOctober2010.txt",
      "bytes": 1097
    },
    {
      "identifier": "1mFakeFaces",
      "title": "1 million fake faces",
      "authors": "Alexander Reben",
      "path": "corpus/1_million_fake_faces--1mFakeFaces.txt",
      "bytes": 260
    },
    {
      "identifier": "e.-m.-forster-the-machine-stops_202008",
      "title": "The Machine Stops",
      "authors": "E. M. Forster",
      "path": "corpus/the_machine_stops--e.-m.-forster-the-machine-stops_202008.txt",
      "bytes": 470
    },
    {
      "identifier": "MathematicalAndTheoreticalBiology-MolecularAndTheoreticalBiologists",
      "title": "Mathematical and Theoretical Biology- Molecular and Theoretical Biologists: Their Biographies and Research: Volumes1 and 2",
      "authors": "I.C. Baianu; editor; with several open access contributors",
      "path": "corpus/mathematical_and_theoretical_biology-_molecular_and_theoretical_biologists_their--MathematicalAndTheoreticalBiology-MolecularAndTheoreticalBiologists.txt",
      "bytes": 2434
    },
    {
      "identifier": "handson-machine-learning-with-scikit-2-e-1",
      "title": "Hands on Machine-Learning with Scikit",
      "authors": "O'Reilly - Aurelien Geron",
      "path": "corpus/hands_on_machine-learning_with_scikit--handson-machine-learning-with-scikit-2-e-1.txt",
      "bytes": 406
    },
    {
      "identifier": "byte-magazine-1979-04",
      "title": "Byte Magazine Volume 04 Number 04 - Low Level Programming",
      "authors": "Unknown",
      "path": "corpus/byte_magazine_volume_04_number_04_-_low_level_programming--byte-magazine-1979-04.txt",
      "bytes": 2613
    },
    {
      "identifier": "ThePhysicsOfGodAndTheQuantumGravityTheoryOfEverything",
      "title": "The Physics of God and the Quantum Gravity Theory of Everything",
      "authors": "James Redford",
      "path": "corpus/the_physics_of_god_and_the_quantum_gravity_theory_of_everything--ThePhysicsOfGodAndTheQuantumGravityTheoryOfEverything.txt",
      "bytes": 1687
    },
    {
      "identifier": "super-simple-maths-by-dk-z-lib.org",
      "title": "Super Simple Maths",
      "authors": "DK",
      "path": "corpus/super_simple_maths--super-simple-maths-by-dk-z-lib.org.txt",
      "bytes": 1643
    },
    {
      "identifier": "byte-magazine-1977-05",
      "title": "Byte Magazine Volume 02 Number 05 - Interfacing",
      "authors": "Unknown",
      "path": "corpus/byte_magazine_volume_02_number_05_-_interfacing--byte-magazine-1977-05.txt",
      "bytes": 1232
    },
    {
      "identifier": "artificial-intelligence",
      "title": "artificial-intelligence",
      "authors": "Unknown",
      "path": "corpus/artificial-intelligence--artificial-intelligence.txt",
      "bytes": 510
    },
    {
      "identifier": "Mondo.2000.Issue.01.1989",
      "title": "Mondo 2000 - Issue 01 (AKA Reality Hackers Issue 07)",
      "authors": "Mondo 2000",
      "path": "corpus/mondo_2000_-_issue_01_aka_reality_hackers_issue_07--Mondo.2000.Issue.01.1989.txt",
      "bytes": 3115
    },
    {
      "identifier": "byte-magazine-1979-06",
      "title": "Byte Magazine Volume 04 Number 06 - Artificial Intelligence",
      "authors": "Unknown",
      "path": "corpus/byte_magazine_volume_04_number_06_-_artificial_intelligence--byte-magazine-1979-06.txt",
      "bytes": 2676
    },
    {
      "identifier": "deep-learning-a-visual-approach",
      "title": "Deep Learning A Visual Approach",
      "authors": "Phenix40",
      "path": "corpus/deep_learning_a_visual_approach--deep-learning-a-visual-approach.txt",
      "bytes": 2300
    },
    {
      "identifier": "byte-magazine-1984-01",
      "title": "Byte Magazine Volume 09 Number 01 - 1984 and Beyond - Future Trends",
      "authors": "Unknown",
      "path": "corpus/byte_magazine_volume_09_number_01_-_1984_and_beyond_-_future_trends--byte-magazine-1984-01.txt",
      "bytes": 6142
    },
    {
      "identifier": "byte-magazine-1986-01",
      "title": "Byte Magazine Volume 11 Number 01: Robotics",
      "authors": "Unknown",
      "path": "corpus/byte_magazine_volume_11_number_01_robotics--byte-magazine-1986-01.txt",
      "bytes": 1127
    },
    {
      "identifier": "IjcsisVol.8No.4JournalOfComputerScienceAndInformationSecurity",
      "title": "IJCSIS Vol. 8 No. 4 Journal of Computer Science and Information Security",
      "authors": "ijcsis editor",
      "path": "corpus/ijcsis_vol._8_no._4_journal_of_computer_science_and_information_security--IjcsisVol.8No.4JournalOfComputerScienceAndInformationSecurity.txt",
      "bytes": 1140
    },
    {
      "identifier": "InternationalJournalOfComputerScienceVolume8November2010",
      "title": "International Journal of Computer Science Volume 8 November 2010",
      "authors": "Unknown",
      "path": "corpus/international_journal_of_computer_science_volume_8_november_2010--InternationalJournalOfComputerScienceVolume8November2010.txt",
      "bytes": 1262
    },
    {
      "identifier": "super-simple-physics-the-ultimate-bitesize-study-guide-by-dk-z-lib.org_202109",
      "title": "Super Simple Physics The Ultimate Bitesize Study Guide",
      "authors": "DK",
      "path": "corpus/super_simple_physics_the_ultimate_bitesize_study_guide--super-simple-physics-the-ultimate-bitesize-study-guide-by-dk-z-lib.org_202109.txt",
      "bytes": 1594
    },
    {
      "identifier": "kips-class-9-artificial-intelligence-cbse-book",
      "title": "KIPS CLASS 9 ARTIFICIAL INTELLIGENCE CBSE BOOK",
      "authors": "Mrx",
      "path": "corpus/kips_class_9_artificial_intelligence_cbse_book--kips-class-9-artificial-intelligence-cbse-book.txt",
      "bytes": 122
    },
    {
      "identifier": "best_of_byte_volume_1_1977_06",
      "title": "Byte Magazine - The Best of Byte Volume 1",
      "authors": "Unknown",
      "path": "corpus/byte_magazine_-_the_best_of_byte_volume_1--best_of_byte_volume_1_1977_06.txt",
      "bytes": 3138
    },
    {
      "identifier": "JournalOfComputerScienceAndInformationSecurityIjcsisDecember2010",
      "title": "Journal of Computer Science and Information Security IJCSIS December 2010",
      "authors": "IJCSIS",
      "path": "corpus/journal_of_computer_science_and_information_security_ijcsis_december_2010--JournalOfComputerScienceAndInformationSecurityIjcsisDecember2010.txt",
      "bytes": 1266
    },
    {
      "identifier": "david-icke-the-trigger-exposing-the-lie-that-changed-the-world-who-really-did-it",
      "title": "David Icke The Trigger Exposing The Lie That Changed The World Who Really Did It And Why ( 2019) PDF Roflcopter 2110",
      "authors": "David Icke",
      "path": "corpus/david_icke_the_trigger_exposing_the_lie_that_changed_the_world_who_really_did_it--david-icke-the-trigger-exposing-the-lie-that-changed-the-world-who-really-did-it.txt",
      "bytes": 113
    },
    {
      "identifier": "DataScienceBookV3",
      "title": "Introduction to Data Science",
      "authors": "Jeffrey Stanton",
      "path": "corpus/introduction_to_data_science--DataScienceBookV3.txt",
      "bytes": 942
    },
    {
      "identifier": "JournalOfComputerScienceAndInformationSecurity",
      "title": "Journal of Computer Science and Information Security",
      "authors": "ijcsiseditor",
      "path": "corpus/journal_of_computer_science_and_information_security--JournalOfComputerScienceAndInformationSecurity.txt",
      "bytes": 957
    },
    {
      "identifier": "timhartnellvz200giantbookofgames",
      "title": "54Tim Hartnell Books",
      "authors": "Tim Hartnell",
      "path": "corpus/54tim_hartnell_books--timhartnellvz200giantbookofgames.txt",
      "bytes": 571
    },
    {
      "identifier": "byte-magazine-1977-04",
      "title": "Byte Magazine Volume 02 Number 04 - Baudot Machines",
      "authors": "Unknown",
      "path": "corpus/byte_magazine_volume_02_number_04_-_baudot_machines--byte-magazine-1977-04.txt",
      "bytes": 1439
    },
    {
      "identifier": "Httpwww.ijmer.com_201407",
      "title": "International Journal of Modern Engineering Research",
      "authors": "Unknown",
      "path": "corpus/international_journal_of_modern_engineering_research--Httpwww.ijmer.com_201407.txt",
      "bytes": 808
    },
    {
      "identifier": "fake-ai",
      "title": "Fake AI",
      "authors": "Meatspace Press Limited",
      "path": "corpus/fake_ai--fake-ai.txt",
      "bytes": 686
    },
    {
      "identifier": "1990-05-compute-magazine",
      "title": "Compute! Magazine Issue 120",
      "authors": "Unknown",
      "path": "corpus/compute_magazine_issue_120--1990-05-compute-magazine.txt",
      "bytes": 2363
    },
    {
      "identifier": "MathematicalAndMolecularBiophysics-quantumPhysicsAndTechniques",
      "title": "Mathematical and Molecular Biophysics-Quantum Physics and Techniques: Volume 1.",
      "authors": "I C. Baianu; editor; with several contributors",
      "path": "corpus/mathematical_and_molecular_biophysics-quantum_physics_and_techniques_volume_1.--MathematicalAndMolecularBiophysics-quantumPhysicsAndTechniques.txt",
      "bytes": 2620
    },
    {
      "identifier": "JournalOfComputerScienceVolume9No4April2011",
      "title": "Journal of Computer Science Volume 9 No 4 April 2011",
      "authors": "ijcsis editor",
      "path": "corpus/journal_of_computer_science_volume_9_no_4_april_2011--JournalOfComputerScienceVolume9No4April2011.txt",
      "bytes": 2028
    },
    {
      "identifier": "JournalOfComputerScienceResearchVolume9No5May2011",
      "title": "Journal of Computer Science Research Volume 9 No 5 May 2011",
      "authors": "ijcsis editor",
      "path": "corpus/journal_of_computer_science_research_volume_9_no_5_may_2011--JournalOfComputerScienceResearchVolume9No5May2011.txt",
      "bytes": 2412
    },
    {
      "identifier": "byte-magazine-1983-09",
      "title": "Byte Magazine Volume 08 Number 09 - Portable Computers in Depth",
      "authors": "Unknown",
      "path": "corpus/byte_magazine_volume_08_number_09_-_portable_computers_in_depth--byte-magazine-1983-09.txt",
      "bytes": 7045
    },
    {
      "identifier": "ResearchJournalOfComputerScienceVolume9No1IjcsisJanuary2011",
      "title": "Research Journal of Computer Science Volume 9 No 1 IJCSIS January 2011",
      "authors": "ijcsis editor",
      "path": "corpus/research_journal_of_computer_science_volume_9_no_1_ijcsis_january_2011--ResearchJournalOfComputerScienceVolume9No1IjcsisJanuary2011.txt",
      "bytes": 1553
    },
    {
      "identifier": "Mondo.2000.Issue.02.1990",
      "title": "Mondo 2000 - Issue 02",
      "authors": "Mondo 2000",
      "path": "corpus/mondo_2000_-_issue_02--Mondo.2000.Issue.02.1990.txt",
      "bytes": 2781
    },
    {
      "identifier": "Matlab_201702",
      "title": "MATLAB - Course notes",
      "authors": "Vincent Isoz",
      "path": "corpus/matlab_-_course_notes--Matlab_201702.txt",
      "bytes": 161
    },
    {
      "identifier": "1990-04-compute-magazine",
      "title": "Compute! Magazine Issue 119",
      "authors": "Unknown",
      "path": "corpus/compute_magazine_issue_119--1990-04-compute-magazine.txt",
      "bytes": 2351
    },
    {
      "identifier": "Httpwww.ijmer.com",
      "title": "International Journal of Modern Engineering Research",
      "authors": "Unknown",
      "path": "corpus/international_journal_of_modern_engineering_research--Httpwww.ijmer.com.txt",
      "bytes": 808
    },
    {
      "identifier": "byte-magazine-1983-07",
      "title": "Byte Magazine Volume 08 Number 07 - Videotex",
      "authors": "Unknown",
      "path": "corpus/byte_magazine_volume_08_number_07_-_videotex--byte-magazine-1983-07.txt",
      "bytes": 5275
    },
    {
      "identifier": "Httpwww.ijmer.com_20140701_1120",
      "title": "International Journal of Modern Engineering Research",
      "authors": "Unknown",
      "path": "corpus/international_journal_of_modern_engineering_research--Httpwww.ijmer.com_20140701_1120.txt",
      "bytes": 805
    },
    {
      "identifier": "TheOriginandItsMeaning",
      "title": "The Origin and its Meaning",
      "authors": "Unknown",
      "path": "corpus/the_origin_and_its_meaning--TheOriginandItsMeaning.txt",
      "bytes": 919
    },
    {
      "identifier": "Httpwww.ijmer.com_20140701",
      "title": "International Journal of Modern Engineering Research",
      "authors": "Unknown",
      "path": "corpus/international_journal_of_modern_engineering_research--Httpwww.ijmer.com_20140701.txt",
      "bytes": 805
    },
    {
      "identifier": "beginners-step-by-step-coding-course-learn-computer-programming-the-easy-way-uk-edition",
      "title": "Beginners Step By Step Coding Course Learn Computer Programming The Easy Way UK Edition",
      "authors": "DK Publishing",
      "path": "corpus/beginners_step_by_step_coding_course_learn_computer_programming_the_easy_way_uk_--beginners-step-by-step-coding-course-learn-computer-programming-the-easy-way-uk-edition.txt",
      "bytes": 1098
    },
    {
      "identifier": "Mondo.2000.Issue.03.1991",
      "title": "Mondo 2000 - Issue 03",
      "authors": "Mondo 2000",
      "path": "corpus/mondo_2000_-_issue_03--Mondo.2000.Issue.03.1991.txt",
      "bytes": 3591
    },
    {
      "identifier": "byte-magazine-1983-11-rescan",
      "title": "Byte Magazine Volume 08 Number 11 - Inside the IBM PC (RESCAN)",
      "authors": "Unknown",
      "path": "corpus/byte_magazine_volume_08_number_11_-_inside_the_ibm_pc_rescan--byte-magazine-1983-11-rescan.txt",
      "bytes": 6487
    },
    {
      "identifier": "byte-magazine-1983-07-rescan",
      "title": "Byte Magazine Volume 08 Number 07 - Videotex (RESCAN)",
      "authors": "Unknown",
      "path": "corpus/byte_magazine_volume_08_number_07_-_videotex_rescan--byte-magazine-1983-07-rescan.txt",
      "bytes": 5230
    },
    {
      "identifier": "byte-magazine-1977-06",
      "title": "Byte Magazine Volume 02 Number 06 - Cognitive Robot",
      "authors": "Unknown",
      "path": "corpus/byte_magazine_volume_02_number_06_-_cognitive_robot--byte-magazine-1977-06.txt",
      "bytes": 1088
    },
    {
      "identifier": "byte-magazine-1983-11",
      "title": "Byte Magazine Volume 08 Number 11 - Inside the IBM PC",
      "authors": "Unknown",
      "path": "corpus/byte_magazine_volume_08_number_11_-_inside_the_ibm_pc--byte-magazine-1983-11.txt",
      "bytes": 6532
    },
    {
      "identifier": "byte-magazine-1983-03",
      "title": "Byte Magazine Volume 08 Number 03 - Mass Storage",
      "authors": "Unknown",
      "path": "corpus/byte_magazine_volume_08_number_03_-_mass_storage--byte-magazine-1983-03.txt",
      "bytes": 4043
    },
    {
      "identifier": "python-machine-learning-and-deep-learning-with-python-scikit-learn-and-tensorflow-2",
      "title": "python-machine-learning-and-deep-learning-with-python-scikit-learn-and-tensorflow-2",
      "authors": "Sebastian Raschka Vahid Mirjalili",
      "path": "corpus/python-machine-learning-and-deep-learning-with-python-scikit-learn-and-tensorflo--python-machine-learning-and-deep-learning-with-python-scikit-learn-and-tensorflow-2.txt",
      "bytes": 195
    },
    {
      "identifier": "JournalOfComputerScienceVolume9No2February2011",
      "title": "Journal of Computer Science Volume 9 No 2 February 2011",
      "authors": "ijcsis editor",
      "path": "corpus/journal_of_computer_science_volume_9_no_2_february_2011--JournalOfComputerScienceVolume9No2February2011.txt",
      "bytes": 1534
    },
    {
      "identifier": "byte-magazine-1978-06",
      "title": "Byte Magazine Volume 03 Number 06 - Natural Language",
      "authors": "Unknown",
      "path": "corpus/byte_magazine_volume_03_number_06_-_natural_language--byte-magazine-1978-06.txt",
      "bytes": 1464
    },
    {
      "identifier": "InternationalJournalOfComputerScienceAndSecurityIjcsisJuly2011Volume",
      "title": "International Journal of Computer Science and Security IJCSIS July 2011 Volume 9 No. 7",
      "authors": "ijcsis editor",
      "path": "corpus/international_journal_of_computer_science_and_security_ijcsis_july_2011_volume_9--InternationalJournalOfComputerScienceAndSecurityIjcsisJuly2011Volume.txt",
      "bytes": 2136
    },
    {
      "identifier": "sensing_and_adapting_to_the_real_world_2007",
      "title": "Proceedings of the Robotics: Science & Systems 2007 Manipulation Workshop - Sensing and Adapting to the Real World",
      "authors": "The Workshop Organizers: Charles C. Kemp; Aaron Edsinger; Rob Platt; Neo Ee Sian",
      "path": "corpus/proceedings_of_the_robotics_science_systems_2007_manipulation_workshop_-_sensing--sensing_and_adapting_to_the_real_world_2007.txt",
      "bytes": 1010
    },
    {
      "identifier": "allsystemsred0000well",
      "title": "All systems red",
      "authors": "Wells; Martha; author",
      "path": "corpus/all_systems_red--allsystemsred0000well.txt",
      "bytes": 966
    },
    {
      "identifier": "nasa_techdoc_19960011791",
      "title": "Machine learning of fault characteristics from rocket engine simulation data",
      "authors": "Ke, Min; Ali, Mooni",
      "path": "corpus/machine_learning_of_fault_characteristics_from_rocket_engine_simulation_data--nasa_techdoc_19960011791.txt",
      "bytes": 465
    },
    {
      "identifier": "byte-magazine-1983-03-rescan",
      "title": "Byte Magazine Volume 08 Number 03 - Mass Storage (RESCAN)",
      "authors": "Unknown",
      "path": "corpus/byte_magazine_volume_08_number_03_-_mass_storage_rescan--byte-magazine-1983-03-rescan.txt",
      "bytes": 3998
    },
    {
      "identifier": "byte-magazine-1975-11",
      "title": "Byte Magazine Volume 00 Number 03 - Is This Next",
      "authors": "Unknown",
      "path": "corpus/byte_magazine_volume_00_number_03_-_is_this_next--byte-magazine-1975-11.txt",
      "bytes": 877
    },
    {
      "identifier": "springer_10.1007-978-1-4614-1557-2",
      "title": "Dark Web : exploring and data mining the dark side of the web",
      "authors": "Chen; Hsinchun",
      "path": "corpus/dark_web_exploring_and_data_mining_the_dark_side_of_the_web--springer_10.1007-978-1-4614-1557-2.txt",
      "bytes": 800
    },
    {
      "identifier": "insideinvestorsb0000pete",
      "title": "Inside the investor's brain : the power of mind over money",
      "authors": "Peterson; Richard L.; 1972-",
      "path": "corpus/inside_the_investor_s_brain_the_power_of_mind_over_money--insideinvestorsb0000pete.txt",
      "bytes": 707
    },
    {
      "identifier": "Artificial_Intelligence_Projects_for_the_Commodore_64_1985_TAB_Books",
      "title": "Artificial intelligence projects for the Commodore 64",
      "authors": "O'Malley; Timothy J",
      "path": "corpus/artificial_intelligence_projects_for_the_commodore_64--Artificial_Intelligence_Projects_for_the_Commodore_64_1985_TAB_Books.txt",
      "bytes": 120
    },
    {
      "identifier": "1985-10-compute-magazine",
      "title": "Compute! Magazine Issue 065",
      "authors": "Unknown",
      "path": "corpus/compute_magazine_issue_065--1985-10-compute-magazine.txt",
      "bytes": 1606
    },
    {
      "identifier": "ThierryPoibeauMachineTranslation",
      "title": "Thierry Poibeau Machine Translation",
      "authors": "Unknown",
      "path": "corpus/thierry_poibeau_machine_translation--ThierryPoibeauMachineTranslation.txt",
      "bytes": 1679
    },
    {
      "identifier": "2014DataScienceAtTheCommandLine",
      "title": "Data Science at the Command Line",
      "authors": "Jeroen Janssens",
      "path": "corpus/data_science_at_the_command_line--2014DataScienceAtTheCommandLine.txt",
      "bytes": 291
    },
    {
      "identifier": "Httpwww.ijmer.com_20140701_1143",
      "title": "International Journal of Modern Engineering Research",
      "authors": "Unknown",
      "path": "corpus/international_journal_of_modern_engineering_research--Httpwww.ijmer.com_20140701_1143.txt",
      "bytes": 808
    },
    {
      "identifier": "Mondo.2000.Issue.14.1995",
      "title": "Mondo 2000 - Issue 14 (1995)",
      "authors": "Mondo 2000",
      "path": "corpus/mondo_2000_-_issue_14_1995--Mondo.2000.Issue.14.1995.txt",
      "bytes": 1258
    },
    {
      "identifier": "ai-2041-ten-visions-for-our-future_202401",
      "title": "AI 2041: Ten Visions for Our Future",
      "authors": "Kai-Fu Lee",
      "path": "corpus/ai_2041_ten_visions_for_our_future--ai-2041-ten-visions-for-our-future_202401.txt",
      "bytes": 1948
    },
    {
      "identifier": "handbookofartific02barr",
      "title": "The Handbook of artificial intelligence, volume 2",
      "authors": "Barr, Avron, 1949- ed; Feigenbaum, Edward A., ed",
      "path": "corpus/the_handbook_of_artificial_intelligence_volume_2--handbookofartific02barr.txt",
      "bytes": 838
    },
    {
      "identifier": "manipulation_for_human_environments_2006",
      "title": "Proceedings of the Robotics: Science & Systems 2006 Workshop - Manipulation for Human Environments",
      "authors": "The Workshop Organizers: Charles C. Kemp; Lijin Aryananda; Aaron Edsinger; Paul Fitzpatrick; Lorenzo Natale; Eduardo Torres-Jara",
      "path": "corpus/proceedings_of_the_robotics_science_systems_2006_workshop_-_manipulation_for_hum--manipulation_for_human_environments_2006.txt",
      "bytes": 503
    },
    {
      "identifier": "Httpwww.ijmer.com_201410",
      "title": "International Journal of Modern Engineering Research",
      "authors": "Unknown",
      "path": "corpus/international_journal_of_modern_engineering_research--Httpwww.ijmer.com_201410.txt",
      "bytes": 806
    },
    {
      "identifier": "ThisIdeaMustDieScientificTheoriesThatAreBlockingProgress",
      "title": "This Idea Must Die Scientific Theories That Are Blocking Progress",
      "authors": "John Brockman",
      "path": "corpus/this_idea_must_die_scientific_theories_that_are_blocking_progress--ThisIdeaMustDieScientificTheoriesThatAreBlockingProgress.txt",
      "bytes": 1419
    },
    {
      "identifier": "ClimateChangeActionControlSystemsArtOfElectronicsJeffDean",
      "title": "control systems, Climate change action, art of electronics, fake news, EU 'Upload filter', and more",
      "authors": "gnsecBooks",
      "path": "corpus/control_systems_climate_change_action_art_of_electronics_fake_news_eu_upload_fil--ClimateChangeActionControlSystemsArtOfElectronicsJeffDean.txt",
      "bytes": 151
    },
    {
      "identifier": "TalesOfGnosisCollege11",
      "title": "Tales Of Gnosis College 11: The Eidolon Initiative",
      "authors": "Iago Faustus; Ph.D.; Erosarts; Vinnie Testla",
      "path": "corpus/tales_of_gnosis_college_11_the_eidolon_initiative--TalesOfGnosisCollege11.txt",
      "bytes": 733
    },
    {
      "identifier": "MackayInformationTheoryFreeEbookReleasedByAuthor",
      "title": "Mackay Information Theory Inference Learning Algorithms",
      "authors": "Prof. David Mackay",
      "path": "corpus/mackay_information_theory_inference_learning_algorithms--MackayInformationTheoryFreeEbookReleasedByAuthor.txt",
      "bytes": 5107
    },
    {
      "identifier": "deeplearning0000good",
      "title": "Deep learning",
      "authors": "Goodfellow; Ian; author",
      "path": "corpus/deep_learning--deeplearning0000good.txt",
      "bytes": 1737
    },
    {
      "identifier": "indycar-racing-2-manual",
      "title": "Manual: IndyCar Racing II",
      "authors": "Papyrus Design Group",
      "path": "corpus/manual_indycar_racing_ii--indycar-racing-2-manual.txt",
      "bytes": 1229
    },
    {
      "identifier": "danstowellthesis",
      "title": "Making music through real-time voice timbre analysis: machine learning and timbral control",
      "authors": "Dan Stowell",
      "path": "corpus/making_music_through_real-time_voice_timbre_analysis_machine_learning_and_timbra--danstowellthesis.txt",
      "bytes": 1996
    },
    {
      "identifier": "the-bobbiedots-conclusion-five-nights-at-freddys-tales-from-the-pizzaplex-5",
      "title": "The Bobbiedots Conclusion (Five Nights at Freddy's: Tales from the Pizzaplex #5)",
      "authors": "Scott Cawthon; Andrea Waggener",
      "path": "corpus/the_bobbiedots_conclusion_five_nights_at_freddy_s_tales_from_the_pizzaplex_5--the-bobbiedots-conclusion-five-nights-at-freddys-tales-from-the-pizzaplex-5.txt",
      "bytes": 1099
    },
    {
      "identifier": "digitalimageproc0003gonz",
      "title": "Digital image processing",
      "authors": "Gonzalez; Rafael C",
      "path": "corpus/digital_image_processing--digitalimageproc0003gonz.txt",
      "bytes": 774
    },
    {
      "identifier": "montfort-exploratory-programming-2e",
      "title": "Exploratory Programming for the Arts and Humanities 2e",
      "authors": "Nick Montfort",
      "path": "corpus/exploratory_programming_for_the_arts_and_humanities_2e--montfort-exploratory-programming-2e.txt",
      "bytes": 1612
    },
    {
      "identifier": "irobot0000asim",
      "title": "I, robot",
      "authors": "Asimov; Isaac; 1920-1992",
      "path": "corpus/i_robot--irobot0000asim.txt",
      "bytes": 1057
    },
    {
      "identifier": "cyberneticsgroups",
      "title": "The Cybernetics Group",
      "authors": "Steve Joshua Heims",
      "path": "corpus/the_cybernetics_group--cyberneticsgroups.txt",
      "bytes": 1982
    },
    {
      "identifier": "beyond-esoteric-escaping-priso-brad-olsen",
      "title": "Beyond Esoteric: Escaping Prison Planet (Book 3)",
      "authors": "Brad Olsen",
      "path": "corpus/beyond_esoteric_escaping_prison_planet_book_3--beyond-esoteric-escaping-priso-brad-olsen.txt",
      "bytes": 1220
    },
    {
      "identifier": "EclipsePhaseCore",
      "title": "Eclipse Phase Core Rulebook",
      "authors": "Lars Blumenstein; Rob Boyle; Brian Cross; Jack Graham; John Snead",
      "path": "corpus/eclipse_phase_core_rulebook--EclipsePhaseCore.txt",
      "bytes": 4589
    },
    {
      "identifier": "artificialintell27clin",
      "title": "Artificial intelligence and expert systems : will they change the library?",
      "authors": "Clinic on Library Applications of Data Processing (27th : 1990 : University of Illinois at Urbana-Champaign); Lancaster, F. Wilfrid (Frederick Wilfrid), 1933-; Smith, Linda C",
      "path": "corpus/artificial_intelligence_and_expert_systems_will_they_change_the_library--artificialintell27clin.txt",
      "bytes": 1572
    },
    {
      "identifier": "ImageVisionProcessing",
      "title": "Image Vision Processing",
      "authors": "Joana Paula Costeira PhD",
      "path": "corpus/image_vision_processing--ImageVisionProcessing.txt",
      "bytes": 1396
    },
    {
      "identifier": "robotic-engineering-an-integrated-approach",
      "title": "Robotic engineering : an integrated approach",
      "authors": "Klafter; Richard David",
      "path": "corpus/robotic_engineering_an_integrated_approach--robotic-engineering-an-integrated-approach.txt",
      "bytes": 347
    },
    {
      "identifier": "softwarephenomenology",
      "title": "Robotics & Technology, Secret Space Program",
      "authors": "SWUS; Sovereign Wealth US; Lee Joseph Common; NASA; DoD; NRL",
      "path": "corpus/robotics_technology_secret_space_program--softwarephenomenology.txt",
      "bytes": 263
    }
  ]
}